Customer ID,Region,Satisfaction Score (1â€“10)
C00001,East,3
C00002,North,4
C00003,East,7
C00004,Central,8
C00005,East,2
C00006,Central,5
C00007,North,5
C00008,Central,9
C00009,East,3
C00010,Central,6
C00011,West,10
C00012,Central,5
C00013,Central,2
C00014,South,2
C00015,West,4
C00016,North,4
C00017,Central,7
C00018,West,1
C00019,North,6
C00020,West,9
C00021,South,2
C00022,North,5
C00023,North,10
C00024,Central,10
C00025,East,4
C00026,North,4
C00027,North,8
C00028,South,6
C00029,South,7
C00030,South,9
C00031,Central,3
C00032,North,2
C00033,South,3
C00034,South,8
C00035,West,9
C00036,West,10
C00037,South,5
C00038,Central,8
C00039,East,7
C00040,West,9
C00041,West,4
C00042,North,10
C00043,North,3
C00044,South,9
C00045,North,8
C00046,North,7
C00047,East,1
C00048,Central,2
C00049,South,9
C00050,East,5
C00051,South,1
C00052,Central,9
C00053,South,1
C00054,North,8
C00055,Central,5
C00056,East,6
C00057,East,1
C00058,West,2
C00059,East,7
C00060,West,2
C00061,North,5
C00062,East,9
C00063,Central,5
C00064,West,3
C00065,East,6
C00066,North,7
C00067,Central,10
C00068,Central,10
C00069,North,8
C00070,East,3
C00071,South,4
C00072,East,10
C00073,West,4
C00074,West,2
C00075,East,7
C00076,West,4
C00077,South,4
C00078,South,8
C00079,Central,6
C00080,West,6
C00081,East,9
C00082,Central,4
C00083,South,9
C00084,Central,1
C00085,North,9
C00086,West,1
C00087,East,7
C00088,South,6
C00089,Central,7
C00090,East,9
C00091,West,10
C00092,East,4
C00093,West,9
C00094,West,3
C00095,West,10
C00096,Central,9
C00097,West,1
C00098,East,5
C00099,North,10
C00100,East,5
C00101,Central,1
C00102,West,1
C00103,North,3
C00104,Central,9
C00105,South,7
C00106,South,6
C00107,South,9
C00108,North,4
C00109,East,4
C00110,North,3
C00111,North,5
C00112,North,5
C00113,South,10
C00114,East,7
C00115,North,7
C00116,East,6
C00117,West,4
C00118,North,7
C00119,North,2
C00120,North,9
C00121,West,7
C00122,West,2
C00123,South,10
C00124,Central,2
C00125,East,6
C00126,Central,7
C00127,North,9
C00128,North,4
C00129,South,8
C00130,Central,10
C00131,North,2
C00132,Central,6
C00133,South,4
C00134,Central,8
C00135,East,9
C00136,South,2
C00137,Central,7
C00138,North,7
C00139,West,8
C00140,West,5
C00141,South,3
C00142,West,1
C00143,East,4
C00144,South,3
C00145,North,2
C00146,North,6
C00147,South,7
C00148,West,10
C00149,West,7
C00150,North,8
C00151,East,2
C00152,West,10
C00153,East,6
C00154,West,6
C00155,South,10
C00156,Central,1
C00157,North,2
C00158,South,9
C00159,West,8
C00160,North,4
C00161,Central,6
C00162,Central,2
C00163,West,5
C00164,North,2
C00165,West,5
C00166,Central,7
C00167,South,7
C00168,South,9
C00169,East,3
C00170,Central,4
C00171,Central,9
C00172,West,8
C00173,East,7
C00174,East,8
C00175,North,9
C00176,West,4
C00177,South,5
C00178,North,9
C00179,East,7
C00180,South,4
C00181,Central,6
C00182,West,1
C00183,East,1
C00184,Central,9
C00185,East,8
C00186,South,1
C00187,North,2
C00188,South,4
C00189,West,1
C00190,West,2
C00191,East,5
C00192,South,8
C00193,North,6
C00194,West,6
C00195,North,4
C00196,Central,2
C00197,East,3
C00198,North,6
C00199,East,6
C00200,Central,5
C00201,North,6
C00202,North,6
C00203,Central,1
C00204,South,6
C00205,North,5
C00206,North,8
C00207,West,9
C00208,South,6
C00209,North,10
C00210,Central,4
C00211,East,3
C00212,Central,10
C00213,South,1
C00214,West,7
C00215,West,5
C00216,West,4
C00217,Central,9
C00218,East,7
C00219,East,10
C00220,North,8
C00221,East,4
C00222,East,10
C00223,North,10
C00224,Central,8
C00225,Central,4
C00226,South,1
C00227,Central,8
C00228,West,1
C00229,West,3
C00230,South,7
C00231,East,3
C00232,South,8
C00233,North,5
C00234,South,3
C00235,South,5
C00236,West,5
C00237,North,8
C00238,North,9
C00239,South,6
C00240,North,10
C00241,North,3
C00242,Central,2
C00243,North,3
C00244,East,9
C00245,North,7
C00246,West,9
C00247,Central,6
C00248,West,8
C00249,West,10
C00250,East,9
C00251,Central,3
C00252,South,7
C00253,North,9
C00254,East,2
C00255,East,7
C00256,South,5
C00257,East,8
C00258,South,4
C00259,South,1
C00260,South,10
C00261,East,8
C00262,South,6
C00263,East,8
C00264,Central,3
C00265,South,8
C00266,East,8
C00267,East,1
C00268,East,4
C00269,North,7
C00270,North,1
C00271,South,3
C00272,Central,3
C00273,South,6
C00274,West,5
C00275,West,7
C00276,Central,3
C00277,Central,1
C00278,Central,3
C00279,North,8
C00280,North,5
C00281,West,3
C00282,Central,8
C00283,East,6
C00284,West,3
C00285,Central,5
C00286,East,1
C00287,Central,6
C00288,South,9
C00289,East,7
C00290,South,8
C00291,North,6
C00292,West,5
C00293,Central,6
C00294,West,7
C00295,Central,9
C00296,South,8
C00297,East,5
C00298,East,7
C00299,Central,8
C00300,South,1
C00301,Central,8
C00302,Central,7
C00303,Central,2
C00304,East,2
C00305,Central,6
C00306,East,3
C00307,North,1
C00308,South,8
C00309,North,7
C00310,Central,4
C00311,East,1
C00312,South,2
C00313,West,9
C00314,South,4
C00315,South,3
C00316,Central,8
C00317,North,4
C00318,North,7
C00319,West,5
C00320,Central,5
C00321,South,6
C00322,North,4
C00323,North,2
C00324,East,6
C00325,South,5
C00326,Central,3
C00327,North,4
C00328,Central,3
C00329,South,3
C00330,South,4
C00331,North,2
C00332,West,4
C00333,Central,10
C00334,Central,2
C00335,East,10
C00336,South,8
C00337,South,10
C00338,North,5
C00339,North,7
C00340,North,4
C00341,East,10
C00342,West,6
C00343,North,10
C00344,North,4
C00345,North,6
C00346,East,1
C00347,Central,6
C00348,West,6
C00349,Central,2
C00350,South,10
C00351,South,10
C00352,North,9
C00353,Central,6
C00354,East,7
C00355,West,2
C00356,Central,2
C00357,Central,2
C00358,West,10
C00359,Central,9
C00360,Central,3
C00361,West,4
C00362,East,1
C00363,West,1
C00364,North,4
C00365,North,2
C00366,North,8
C00367,North,4
C00368,South,3
C00369,East,3
C00370,South,6
C00371,Central,6
C00372,Central,6
C00373,West,6
C00374,North,8
C00375,West,8
C00376,Central,9
C00377,North,1
C00378,East,10
C00379,Central,8
C00380,West,5
C00381,West,3
C00382,Central,10
C00383,South,3
C00384,East,6
C00385,Central,8
C00386,Central,10
C00387,West,2
C00388,North,9
C00389,North,5
C00390,North,5
C00391,West,1
C00392,North,6
C00393,Central,5
C00394,South,7
C00395,South,7
C00396,South,4
C00397,North,5
C00398,South,10
C00399,North,8
C00400,Central,2
C00401,Central,1
C00402,West,6
C00403,West,4
C00404,East,10
C00405,Central,3
C00406,North,7
C00407,East,8
C00408,Central,4
C00409,North,10
C00410,Central,6
C00411,Central,2
C00412,North,8
C00413,Central,6
C00414,Central,9
C00415,Central,6
C00416,West,6
C00417,South,2
C00418,Central,5
C00419,North,9
C00420,Central,1
C00421,West,4
C00422,West,10
C00423,Central,10
C00424,East,3
C00425,South,1
C00426,North,1
C00427,North,1
C00428,North,1
C00429,North,2
C00430,West,5
C00431,South,2
C00432,Central,4
C00433,Central,9
C00434,East,3
C00435,Central,2
C00436,South,4
C00437,Central,9
C00438,West,4
C00439,Central,5
C00440,North,4
C00441,North,8
C00442,North,4
C00443,North,2
C00444,West,4
C00445,West,2
C00446,West,9
C00447,Central,8
C00448,North,9
C00449,East,4
C00450,East,1
C00451,North,3
C00452,South,7
C00453,Central,1
C00454,East,8
C00455,West,9
C00456,South,8
C00457,West,5
C00458,South,9
C00459,South,4
C00460,Central,9
C00461,West,1
C00462,West,3
C00463,East,4
C00464,North,10
C00465,North,1
C00466,East,6
C00467,South,4
C00468,East,4
C00469,East,1
C00470,West,5
C00471,East,9
C00472,South,6
C00473,North,8
C00474,Central,4
C00475,East,9
C00476,East,7
C00477,West,7
C00478,West,8
C00479,East,2
C00480,East,6
C00481,South,7
C00482,North,3
C00483,North,8
C00484,Central,1
C00485,North,1
C00486,Central,10
C00487,West,3
C00488,Central,6
C00489,Central,7
C00490,North,2
C00491,East,6
C00492,West,5
C00493,South,6
C00494,Central,1
C00495,Central,10
C00496,Central,7
C00497,East,8
C00498,South,7
C00499,North,9
C00500,West,1
C00501,East,10
C00502,South,9
C00503,West,3
C00504,North,2
C00505,West,6
C00506,Central,5
C00507,Central,4
C00508,East,4
C00509,West,8
C00510,Central,10
C00511,East,3
C00512,East,1
C00513,East,5
C00514,North,8
C00515,Central,3
C00516,Central,2
C00517,South,1
C00518,North,4
C00519,Central,2
C00520,Central,8
C00521,South,10
C00522,West,9
C00523,West,10
C00524,North,1
C00525,East,2
C00526,South,6
C00527,South,10
C00528,Central,7
C00529,Central,2
C00530,South,8
C00531,East,10
C00532,West,9
C00533,North,8
C00534,West,9
C00535,North,6
C00536,East,7
C00537,South,6
C00538,East,7
C00539,South,3
C00540,Central,4
C00541,North,9
C00542,Central,3
C00543,South,2
C00544,North,7
C00545,North,6
C00546,Central,3
C00547,North,6
C00548,South,7
C00549,South,6
C00550,Central,1
C00551,East,1
C00552,South,9
C00553,South,6
C00554,North,2
C00555,North,1
C00556,South,2
C00557,Central,8
C00558,East,5
C00559,North,7
C00560,North,7
C00561,East,2
C00562,North,4
C00563,Central,2
C00564,North,7
C00565,North,5
C00566,South,1
C00567,Central,2
C00568,Central,6
C00569,South,4
C00570,West,7
C00571,East,2
C00572,Central,2
C00573,West,6
C00574,East,8
C00575,Central,1
C00576,North,5
C00577,Central,1
C00578,East,6
C00579,West,7
C00580,North,6
C00581,East,9
C00582,East,3
C00583,Central,8
C00584,South,3
C00585,South,7
C00586,North,5
C00587,East,1
C00588,West,4
C00589,North,9
C00590,North,8
C00591,Central,3
C00592,West,2
C00593,East,9
C00594,East,1
C00595,East,9
C00596,North,7
C00597,Central,2
C00598,North,5
C00599,South,2
C00600,South,5
C00601,East,7
C00602,Central,5
C00603,East,2
C00604,East,5
C00605,North,10
C00606,East,6
C00607,East,5
C00608,Central,2
C00609,Central,6
C00610,Central,6
C00611,East,2
C00612,Central,4
C00613,Central,7
C00614,West,1
C00615,West,1
C00616,South,6
C00617,North,7
C00618,North,5
C00619,Central,10
C00620,South,8
C00621,South,4
C00622,West,3
C00623,South,7
C00624,East,4
C00625,Central,1
C00626,East,8
C00627,North,5
C00628,West,8
C00629,East,8
C00630,Central,5
C00631,East,8
C00632,East,7
C00633,South,3
C00634,West,4
C00635,North,7
C00636,Central,4
C00637,Central,6
C00638,North,2
C00639,Central,2
C00640,South,3
C00641,East,10
C00642,South,7
C00643,South,3
C00644,South,3
C00645,North,4
C00646,West,10
C00647,North,6
C00648,North,1
C00649,South,6
C00650,West,8
C00651,North,8
C00652,West,6
C00653,South,6
C00654,North,3
C00655,West,2
C00656,Central,7
C00657,North,8
C00658,North,10
C00659,North,6
C00660,West,5
C00661,East,4
C00662,North,1
C00663,Central,9
C00664,Central,10
C00665,South,4
C00666,East,2
C00667,East,4
C00668,West,5
C00669,South,2
C00670,West,7
C00671,South,3
C00672,East,8
C00673,West,4
C00674,South,5
C00675,East,3
C00676,East,5
C00677,North,9
C00678,West,2
C00679,North,7
C00680,East,10
C00681,West,8
C00682,West,3
C00683,Central,4
C00684,South,10
C00685,Central,2
C00686,Central,10
C00687,East,9
C00688,South,3
C00689,Central,9
C00690,Central,7
C00691,West,6
C00692,East,3
C00693,Central,7
C00694,South,3
C00695,North,6
C00696,North,8
C00697,East,5
C00698,North,3
C00699,West,6
C00700,West,8
C00701,South,10
C00702,East,3
C00703,East,5
C00704,North,9
C00705,Central,10
C00706,Central,10
C00707,Central,3
C00708,South,2
C00709,East,8
C00710,North,7
C00711,South,9
C00712,West,4
C00713,West,3
C00714,West,10
C00715,East,5
C00716,West,1
C00717,Central,5
C00718,West,3
C00719,South,1
C00720,West,3
C00721,Central,5
C00722,West,5
C00723,North,10
C00724,Central,8
C00725,East,1
C00726,West,7
C00727,South,5
C00728,West,3
C00729,South,4
C00730,North,3
C00731,East,8
C00732,Central,4
C00733,Central,3
C00734,East,2
C00735,North,3
C00736,North,7
C00737,West,6
C00738,North,10
C00739,West,5
C00740,South,8
C00741,East,1
C00742,South,3
C00743,South,2
C00744,South,2
C00745,South,1
C00746,Central,5
C00747,North,5
C00748,East,3
C00749,East,9
C00750,South,6
C00751,East,10
C00752,West,6
C00753,East,10
C00754,South,6
C00755,East,2
C00756,North,10
C00757,South,10
C00758,Central,8
C00759,North,6
C00760,East,3
C00761,Central,10
C00762,North,9
C00763,West,2
C00764,North,7
C00765,Central,3
C00766,West,6
C00767,East,5
C00768,South,6
C00769,East,8
C00770,South,3
C00771,South,2
C00772,Central,8
C00773,West,1
C00774,West,2
C00775,North,10
C00776,East,1
C00777,Central,5
C00778,East,8
C00779,North,2
C00780,North,4
C00781,Central,4
C00782,North,7
C00783,Central,1
C00784,North,9
C00785,West,3
C00786,Central,6
C00787,West,10
C00788,West,5
C00789,Central,4
C00790,East,9
C00791,South,9
C00792,North,1
C00793,North,7
C00794,East,10
C00795,South,9
C00796,East,5
C00797,South,1
C00798,Central,8
C00799,Central,5
C00800,West,6
C00801,West,7
C00802,Central,10
C00803,West,7
C00804,Central,7
C00805,East,1
C00806,North,7
C00807,Central,3
C00808,Central,5
C00809,Central,10
C00810,West,5
C00811,West,8
C00812,West,7
C00813,West,7
C00814,East,6
C00815,Central,7
C00816,East,7
C00817,West,5
C00818,East,5
C00819,Central,4
C00820,Central,4
C00821,West,5
C00822,Central,10
C00823,East,9
C00824,South,6
C00825,Central,8
C00826,East,9
C00827,East,4
C00828,East,7
C00829,Central,5
C00830,South,4
C00831,West,7
C00832,West,3
C00833,Central,1
C00834,Central,7
C00835,North,9
C00836,South,2
C00837,East,7
C00838,East,10
C00839,West,2
C00840,Central,3
C00841,South,10
C00842,West,10
C00843,South,3
C00844,Central,4
C00845,East,6
C00846,North,3
C00847,South,9
C00848,East,2
C00849,South,7
C00850,South,6
C00851,South,2
C00852,Central,3
C00853,West,6
C00854,South,10
C00855,Central,4
C00856,North,1
C00857,West,1
C00858,Central,3
C00859,North,8
C00860,West,4
C00861,Central,1
C00862,North,8
C00863,Central,10
C00864,North,6
C00865,South,1
C00866,South,10
C00867,West,10
C00868,North,6
C00869,South,1
C00870,West,10
C00871,East,10
C00872,South,3
C00873,South,2
C00874,Central,4
C00875,East,2
C00876,North,5
C00877,West,4
C00878,East,6
C00879,North,7
C00880,South,2
C00881,West,2
C00882,West,8
C00883,East,9
C00884,Central,5
C00885,North,7
C00886,East,9
C00887,Central,1
C00888,Central,8
C00889,Central,10
C00890,West,10
C00891,North,9
C00892,North,9
C00893,East,10
C00894,South,7
C00895,East,10
C00896,North,3
C00897,West,5
C00898,East,2
C00899,South,10
C00900,East,3
C00901,Central,10
C00902,South,7
C00903,Central,1
C00904,West,3
C00905,North,5
C00906,East,4
C00907,East,3
C00908,Central,6
C00909,Central,6
C00910,North,4
C00911,East,9
C00912,North,6
C00913,Central,9
C00914,Central,10
C00915,South,10
C00916,Central,2
C00917,Central,6
C00918,North,4
C00919,South,2
C00920,South,5
C00921,East,3
C00922,West,6
C00923,East,8
C00924,East,4
C00925,East,4
C00926,South,5
C00927,North,6
C00928,Central,7
C00929,South,6
C00930,Central,7
C00931,Central,9
C00932,West,4
C00933,East,10
C00934,West,1
C00935,East,9
C00936,South,7
C00937,Central,4
C00938,West,10
C00939,South,8
C00940,South,7
C00941,East,2
C00942,Central,1
C00943,East,9
C00944,East,7
C00945,South,10
C00946,East,1
C00947,North,4
C00948,Central,5
C00949,East,5
C00950,East,5
C00951,West,3
C00952,Central,5
C00953,Central,4
C00954,East,5
C00955,North,7
C00956,West,5
C00957,North,8
C00958,East,8
C00959,Central,3
C00960,Central,5
C00961,North,4
C00962,South,5
C00963,East,8
C00964,Central,4
C00965,South,5
C00966,Central,7
C00967,Central,3
C00968,South,6
C00969,North,9
C00970,East,4
C00971,South,4
C00972,South,6
C00973,Central,6
C00974,South,3
C00975,East,1
C00976,North,3
C00977,North,8
C00978,North,8
C00979,East,6
C00980,Central,7
C00981,East,2
C00982,South,9
C00983,West,3
C00984,West,2
C00985,West,5
C00986,North,1
C00987,East,5
C00988,East,10
C00989,North,4
C00990,South,6
C00991,West,5
C00992,West,9
C00993,North,5
C00994,West,8
C00995,Central,2
C00996,East,3
C00997,West,3
C00998,West,3
C00999,Central,6
C01000,South,7
C01001,South,7
C01002,Central,7
C01003,South,3
C01004,North,1
C01005,Central,6
C01006,East,3
C01007,East,3
C01008,East,3
C01009,West,9
C01010,Central,4
C01011,Central,5
C01012,South,3
C01013,Central,10
C01014,Central,1
C01015,South,4
C01016,Central,1
C01017,Central,7
C01018,North,7
C01019,South,4
C01020,North,5
C01021,West,10
C01022,South,7
C01023,Central,6
C01024,Central,4
C01025,North,4
C01026,North,2
C01027,West,10
C01028,West,2
C01029,Central,4
C01030,East,5
C01031,West,4
C01032,Central,3
C01033,West,2
C01034,South,4
C01035,North,5
C01036,Central,1
C01037,West,1
C01038,North,6
C01039,East,5
C01040,West,4
C01041,Central,1
C01042,South,7
C01043,North,4
C01044,North,3
C01045,South,7
C01046,Central,2
C01047,East,10
C01048,South,1
C01049,East,4
C01050,Central,8
C01051,West,6
C01052,West,9
C01053,Central,1
C01054,East,1
C01055,South,5
C01056,Central,6
C01057,Central,8
C01058,West,3
C01059,South,6
C01060,West,3
C01061,East,8
C01062,East,4
C01063,North,2
C01064,Central,9
C01065,South,10
C01066,South,8
C01067,West,6
C01068,West,3
C01069,South,2
C01070,West,4
C01071,North,4
C01072,Central,1
C01073,North,9
C01074,East,10
C01075,South,8
C01076,North,7
C01077,North,6
C01078,West,3
C01079,West,4
C01080,West,2
C01081,East,7
C01082,North,2
C01083,Central,10
C01084,West,1
C01085,East,6
C01086,East,4
C01087,West,8
C01088,South,1
C01089,North,9
C01090,West,6
C01091,Central,2
C01092,North,8
C01093,East,5
C01094,Central,5
C01095,North,5
C01096,Central,7
C01097,East,7
C01098,West,10
C01099,Central,7
C01100,West,10
C01101,East,2
C01102,East,8
C01103,Central,1
C01104,Central,2
C01105,East,7
C01106,Central,4
C01107,Central,10
C01108,Central,10
C01109,Central,9
C01110,North,9
C01111,East,3
C01112,East,3
C01113,South,9
C01114,West,10
C01115,South,8
C01116,Central,1
C01117,Central,6
C01118,North,7
C01119,North,8
C01120,North,2
C01121,North,1
C01122,North,4
C01123,North,1
C01124,North,2
C01125,North,3
C01126,North,4
C01127,East,6
C01128,North,8
C01129,West,9
C01130,North,4
C01131,Central,1
C01132,Central,5
C01133,North,5
C01134,North,9
C01135,Central,6
C01136,West,5
C01137,South,10
C01138,East,10
C01139,Central,5
C01140,North,8
C01141,East,1
C01142,North,5
C01143,South,1
C01144,South,7
C01145,Central,7
C01146,East,10
C01147,East,8
C01148,South,7
C01149,North,9
C01150,Central,8
C01151,West,8
C01152,South,3
C01153,South,10
C01154,Central,4
C01155,North,4
C01156,East,1
C01157,South,6
C01158,Central,2
C01159,Central,9
C01160,Central,1
C01161,East,1
C01162,South,10
C01163,Central,6
C01164,East,1
C01165,North,3
C01166,West,10
C01167,South,2
C01168,East,9
C01169,West,5
C01170,West,6
C01171,East,2
C01172,East,8
C01173,East,6
C01174,Central,8
C01175,North,8
C01176,Central,1
C01177,West,7
C01178,West,2
C01179,West,8
C01180,East,2
C01181,South,4
C01182,Central,2
C01183,South,7
C01184,North,5
C01185,North,9
C01186,Central,5
C01187,West,8
C01188,North,2
C01189,South,3
C01190,South,6
C01191,East,7
C01192,West,10
C01193,East,8
C01194,Central,3
C01195,North,7
C01196,East,8
C01197,East,10
C01198,Central,6
C01199,South,4
C01200,South,6
C01201,Central,9
C01202,South,3
C01203,Central,2
C01204,South,5
C01205,Central,7
C01206,South,3
C01207,East,5
C01208,East,4
C01209,South,7
C01210,Central,2
C01211,East,7
C01212,North,2
C01213,South,3
C01214,North,5
C01215,North,7
C01216,West,6
C01217,North,7
C01218,North,6
C01219,West,1
C01220,West,5
C01221,West,1
C01222,Central,7
C01223,West,4
C01224,Central,5
C01225,South,1
C01226,Central,8
C01227,South,4
C01228,West,3
C01229,West,1
C01230,South,4
C01231,East,3
C01232,Central,8
C01233,North,9
C01234,West,5
C01235,Central,9
C01236,Central,1
C01237,West,7
C01238,South,7
C01239,West,6
C01240,Central,4
C01241,East,9
C01242,South,3
C01243,West,1
C01244,North,2
C01245,West,3
C01246,Central,2
C01247,Central,6
C01248,North,7
C01249,South,5
C01250,Central,5
C01251,South,7
C01252,South,6
C01253,West,8
C01254,South,9
C01255,Central,2
C01256,Central,2
C01257,East,1
C01258,South,7
C01259,East,4
C01260,West,9
C01261,East,6
C01262,South,7
C01263,Central,7
C01264,West,8
C01265,South,4
C01266,West,3
C01267,North,3
C01268,South,10
C01269,North,8
C01270,East,3
C01271,South,8
C01272,North,2
C01273,Central,5
C01274,East,5
C01275,South,7
C01276,South,5
C01277,Central,9
C01278,Central,3
C01279,North,9
C01280,North,1
C01281,North,3
C01282,West,4
C01283,East,6
C01284,South,10
C01285,East,8
C01286,Central,7
C01287,East,8
C01288,East,6
C01289,North,6
C01290,Central,6
C01291,East,3
C01292,South,10
C01293,North,4
C01294,East,6
C01295,Central,7
C01296,South,3
C01297,Central,4
C01298,Central,6
C01299,Central,1
C01300,West,7
C01301,South,1
C01302,Central,10
C01303,West,9
C01304,North,10
C01305,West,9
C01306,North,9
C01307,West,4
C01308,Central,2
C01309,West,7
C01310,West,4
C01311,Central,5
C01312,North,1
C01313,Central,10
C01314,South,6
C01315,West,7
C01316,South,3
C01317,Central,10
C01318,Central,2
C01319,East,10
C01320,South,7
C01321,East,1
C01322,South,2
C01323,East,3
C01324,East,4
C01325,South,5
C01326,Central,4
C01327,North,10
C01328,Central,3
C01329,North,1
C01330,South,7
C01331,West,10
C01332,Central,6
C01333,East,2
C01334,Central,2
C01335,South,3
C01336,West,8
C01337,West,8
C01338,Central,10
C01339,Central,10
C01340,Central,10
C01341,South,10
C01342,North,8
C01343,North,7
C01344,East,2
C01345,South,1
C01346,West,6
C01347,East,8
C01348,West,1
C01349,West,3
C01350,Central,1
C01351,West,10
C01352,West,9
C01353,South,7
C01354,Central,8
C01355,Central,9
C01356,East,3
C01357,Central,10
C01358,North,2
C01359,South,6
C01360,East,5
C01361,North,4
C01362,West,6
C01363,North,6
C01364,East,3
C01365,Central,2
C01366,South,9
C01367,East,8
C01368,North,4
C01369,North,6
C01370,East,3
C01371,East,8
C01372,East,3
C01373,Central,2
C01374,East,7
C01375,West,3
C01376,South,9
C01377,South,3
C01378,West,8
C01379,North,2
C01380,North,9
C01381,North,1
C01382,North,3
C01383,Central,2
C01384,West,7
C01385,South,5
C01386,West,8
C01387,South,2
C01388,North,8
C01389,Central,7
C01390,East,5
C01391,East,2
C01392,North,10
C01393,North,7
C01394,West,10
C01395,Central,4
C01396,Central,4
C01397,West,8
C01398,Central,6
C01399,Central,9
C01400,East,2
C01401,Central,5
C01402,North,6
C01403,East,8
C01404,North,4
C01405,North,7
C01406,West,7
C01407,Central,4
C01408,Central,1
C01409,Central,3
C01410,Central,2
C01411,East,3
C01412,South,5
C01413,North,1
C01414,South,5
C01415,South,2
C01416,South,4
C01417,East,6
C01418,South,9
C01419,East,10
C01420,West,6
C01421,West,10
C01422,West,2
C01423,East,8
C01424,East,5
C01425,North,9
C01426,South,10
C01427,Central,9
C01428,Central,4
C01429,South,1
C01430,Central,9
C01431,Central,9
C01432,Central,8
C01433,East,5
C01434,East,5
C01435,East,10
C01436,South,6
C01437,West,1
C01438,Central,9
C01439,North,5
C01440,East,7
C01441,North,8
C01442,Central,5
C01443,West,3
C01444,North,6
C01445,Central,7
C01446,Central,4
C01447,East,9
C01448,West,4
C01449,Central,10
C01450,West,2
C01451,East,9
C01452,North,4
C01453,South,4
C01454,South,10
C01455,South,1
C01456,West,2
C01457,South,3
C01458,North,7
C01459,Central,9
C01460,West,5
C01461,North,4
C01462,West,2
C01463,West,7
C01464,West,6
C01465,East,7
C01466,Central,8
C01467,South,9
C01468,East,10
C01469,Central,5
C01470,South,5
C01471,East,4
C01472,East,3
C01473,North,7
C01474,East,5
C01475,West,7
C01476,East,2
C01477,West,9
C01478,Central,9
C01479,Central,9
C01480,West,5
C01481,North,10
C01482,North,9
C01483,Central,1
C01484,East,2
C01485,Central,10
C01486,Central,5
C01487,West,5
C01488,North,6
C01489,West,8
C01490,Central,1
C01491,South,10
C01492,East,9
C01493,Central,4
C01494,West,8
C01495,South,5
C01496,South,1
C01497,Central,9
C01498,North,8
C01499,South,5
C01500,East,4
C01501,West,8
C01502,West,9
C01503,West,7
C01504,Central,4
C01505,West,7
C01506,West,6
C01507,East,3
C01508,North,10
C01509,Central,3
C01510,Central,1
C01511,West,5
C01512,East,8
C01513,South,6
C01514,West,8
C01515,West,7
C01516,Central,2
C01517,Central,8
C01518,West,4
C01519,Central,5
C01520,East,8
C01521,South,5
C01522,South,5
C01523,South,6
C01524,West,7
C01525,West,9
C01526,West,7
C01527,East,6
C01528,South,10
C01529,Central,4
C01530,Central,10
C01531,North,2
C01532,North,9
C01533,Central,10
C01534,South,5
C01535,West,5
C01536,Central,3
C01537,Central,3
C01538,North,1
C01539,South,5
C01540,Central,3
C01541,West,2
C01542,West,9
C01543,East,10
C01544,West,6
C01545,Central,3
C01546,Central,7
C01547,West,9
C01548,North,9
C01549,South,1
C01550,Central,2
C01551,West,8
C01552,West,1
C01553,Central,3
C01554,East,7
C01555,South,8
C01556,Central,5
C01557,West,2
C01558,East,3
C01559,Central,9
C01560,South,10
C01561,East,7
C01562,West,1
C01563,North,3
C01564,South,9
C01565,East,7
C01566,Central,2
C01567,Central,6
C01568,East,9
C01569,Central,4
C01570,East,10
C01571,South,2
C01572,Central,3
C01573,South,7
C01574,West,4
C01575,West,7
C01576,West,5
C01577,West,8
C01578,Central,8
C01579,East,5
C01580,Central,7
C01581,Central,6
C01582,South,8
C01583,East,9
C01584,North,5
C01585,North,7
C01586,East,1
C01587,North,8
C01588,East,3
C01589,South,1
C01590,South,6
C01591,Central,8
C01592,North,3
C01593,East,1
C01594,South,3
C01595,Central,5
C01596,North,8
C01597,North,9
C01598,North,9
C01599,South,4
C01600,South,8
C01601,North,5
C01602,South,3
C01603,North,5
C01604,West,2
C01605,South,6
C01606,East,1
C01607,South,6
C01608,North,5
C01609,East,9
C01610,Central,7
C01611,East,6
C01612,East,7
C01613,South,10
C01614,East,5
C01615,East,1
C01616,North,9
C01617,South,5
C01618,North,4
C01619,South,6
C01620,Central,5
C01621,East,1
C01622,South,2
C01623,East,4
C01624,East,8
C01625,West,5
C01626,North,7
C01627,South,2
C01628,Central,8
C01629,West,5
C01630,North,4
C01631,Central,9
C01632,Central,6
C01633,East,4
C01634,North,8
C01635,West,3
C01636,South,10
C01637,South,2
C01638,West,7
C01639,East,4
C01640,East,4
C01641,Central,10
C01642,North,9
C01643,Central,2
C01644,South,1
C01645,West,7
C01646,North,8
C01647,West,3
C01648,North,2
C01649,South,4
C01650,South,2
C01651,North,2
C01652,East,5
C01653,North,10
C01654,South,5
C01655,West,8
C01656,Central,9
C01657,West,2
C01658,South,1
C01659,West,3
C01660,East,6
C01661,East,5
C01662,North,8
C01663,West,8
C01664,West,2
C01665,South,9
C01666,North,4
C01667,North,1
C01668,West,2
C01669,Central,6
C01670,West,5
C01671,West,7
C01672,West,9
C01673,East,6
C01674,North,6
C01675,East,2
C01676,Central,7
C01677,South,2
C01678,Central,7
C01679,North,8
C01680,South,1
C01681,Central,9
C01682,North,8
C01683,Central,9
C01684,South,5
C01685,South,4
C01686,Central,1
C01687,East,9
C01688,Central,4
C01689,Central,4
C01690,Central,4
C01691,East,2
C01692,West,4
C01693,South,2
C01694,North,8
C01695,South,7
C01696,South,10
C01697,West,2
C01698,South,2
C01699,South,2
C01700,East,1
C01701,East,6
C01702,East,6
C01703,East,1
C01704,East,1
C01705,North,6
C01706,West,6
C01707,Central,4
C01708,East,3
C01709,West,9
C01710,Central,6
C01711,South,1
C01712,South,3
C01713,West,1
C01714,North,3
C01715,North,2
C01716,West,5
C01717,North,3
C01718,North,7
C01719,South,8
C01720,North,7
C01721,North,2
C01722,West,10
C01723,North,10
C01724,East,7
C01725,East,10
C01726,West,3
C01727,East,7
C01728,South,1
C01729,West,2
C01730,North,10
C01731,East,1
C01732,South,9
C01733,West,2
C01734,West,2
C01735,North,6
C01736,Central,7
C01737,East,2
C01738,South,4
C01739,West,3
C01740,East,5
C01741,South,9
C01742,South,2
C01743,West,5
C01744,East,8
C01745,South,6
C01746,West,4
C01747,East,10
C01748,East,8
C01749,West,3
C01750,East,4
C01751,Central,9
C01752,South,5
C01753,South,6
C01754,East,2
C01755,West,9
C01756,North,8
C01757,East,7
C01758,North,9
C01759,East,5
C01760,North,5
C01761,East,9
C01762,West,5
C01763,North,9
C01764,Central,1
C01765,West,10
C01766,East,10
C01767,North,8
C01768,South,3
C01769,West,8
C01770,North,5
C01771,West,2
C01772,North,9
C01773,South,4
C01774,Central,7
C01775,South,8
C01776,East,7
C01777,West,6
C01778,Central,7
C01779,West,4
C01780,North,10
C01781,East,1
C01782,East,5
C01783,West,8
C01784,East,10
C01785,West,6
C01786,North,5
C01787,North,2
C01788,West,10
C01789,South,5
C01790,South,10
C01791,North,3
C01792,Central,2
C01793,South,3
C01794,West,4
C01795,North,2
C01796,East,4
C01797,East,4
C01798,South,6
C01799,Central,5
C01800,South,7
C01801,Central,7
C01802,South,3
C01803,East,9
C01804,Central,7
C01805,East,7
C01806,West,2
C01807,West,10
C01808,North,3
C01809,East,3
C01810,East,6
C01811,North,4
C01812,West,4
C01813,West,1
C01814,Central,6
C01815,Central,8
C01816,West,8
C01817,South,8
C01818,East,5
C01819,Central,10
C01820,South,6
C01821,Central,5
C01822,North,4
C01823,East,4
C01824,Central,4
C01825,West,4
C01826,North,6
C01827,North,6
C01828,West,5
C01829,North,9
C01830,East,8
C01831,Central,10
C01832,North,6
C01833,East,9
C01834,West,5
C01835,Central,10
C01836,West,4
C01837,Central,6
C01838,North,4
C01839,North,8
C01840,Central,7
C01841,East,5
C01842,East,10
C01843,East,6
C01844,South,7
C01845,East,2
C01846,North,9
C01847,South,7
C01848,East,8
C01849,North,5
C01850,South,3
C01851,North,2
C01852,Central,2
C01853,North,3
C01854,South,1
C01855,East,1
C01856,South,7
C01857,East,10
C01858,East,8
C01859,West,6
C01860,Central,7
C01861,West,1
C01862,South,1
C01863,West,9
C01864,East,5
C01865,South,7
C01866,West,6
C01867,North,4
C01868,Central,1
C01869,North,4
C01870,South,10
C01871,West,10
C01872,East,8
C01873,West,1
C01874,South,2
C01875,South,8
C01876,South,2
C01877,South,10
C01878,West,9
C01879,North,3
C01880,East,3
C01881,East,6
C01882,Central,3
C01883,South,9
C01884,South,8
C01885,South,4
C01886,North,6
C01887,South,8
C01888,Central,4
C01889,Central,5
C01890,North,7
C01891,South,8
C01892,West,7
C01893,West,8
C01894,East,4
C01895,North,1
C01896,West,6
C01897,East,5
C01898,Central,4
C01899,East,2
C01900,South,1
C01901,South,9
C01902,Central,2
C01903,North,9
C01904,South,6
C01905,South,6
C01906,East,2
C01907,East,6
C01908,East,3
C01909,West,7
C01910,Central,10
C01911,North,4
C01912,East,9
C01913,North,5
C01914,East,10
C01915,South,3
C01916,North,1
C01917,West,1
C01918,East,4
C01919,Central,10
C01920,South,10
C01921,East,4
C01922,North,9
C01923,East,8
C01924,South,4
C01925,Central,6
C01926,Central,7
C01927,Central,10
C01928,South,8
C01929,East,4
C01930,South,1
C01931,South,5
C01932,East,1
C01933,West,4
C01934,Central,7
C01935,North,7
C01936,North,1
C01937,East,9
C01938,North,2
C01939,West,5
C01940,South,6
C01941,Central,1
C01942,North,2
C01943,North,7
C01944,East,6
C01945,East,6
C01946,South,6
C01947,Central,7
C01948,North,10
C01949,South,9
C01950,Central,9
C01951,South,2
C01952,North,2
C01953,East,5
C01954,East,10
C01955,East,7
C01956,West,3
C01957,South,3
C01958,North,4
C01959,South,3
C01960,East,3
C01961,South,8
C01962,Central,7
C01963,South,7
C01964,West,10
C01965,West,2
C01966,East,9
C01967,North,6
C01968,Central,3
C01969,North,9
C01970,North,9
C01971,Central,6
C01972,West,10
C01973,East,6
C01974,South,8
C01975,West,8
C01976,East,6
C01977,West,7
C01978,Central,4
C01979,North,1
C01980,Central,4
C01981,South,8
C01982,Central,8
C01983,North,2
C01984,West,7
C01985,East,1
C01986,South,2
C01987,West,8
C01988,East,10
C01989,North,4
C01990,Central,3
C01991,West,2
C01992,East,6
C01993,East,4
C01994,Central,3
C01995,West,3
C01996,West,10
C01997,North,3
C01998,West,8
C01999,Central,9
C02000,West,9
C02001,North,5
C02002,East,1
C02003,West,10
C02004,Central,5
C02005,West,1
C02006,South,9
C02007,North,10
C02008,East,8
C02009,South,7
C02010,Central,2
C02011,West,2
C02012,North,4
C02013,West,9
C02014,West,9
C02015,West,8
C02016,West,5
C02017,North,7
C02018,South,9
C02019,Central,3
C02020,South,4
C02021,North,2
C02022,Central,9
C02023,East,7
C02024,South,6
C02025,North,5
C02026,North,7
C02027,North,3
C02028,Central,5
C02029,West,2
C02030,East,5
C02031,Central,7
C02032,Central,10
C02033,South,7
C02034,East,9
C02035,North,3
C02036,Central,8
C02037,East,5
C02038,South,7
C02039,West,1
C02040,East,1
C02041,North,4
C02042,Central,5
C02043,West,10
C02044,South,3
C02045,North,6
C02046,West,3
C02047,South,5
C02048,North,1
C02049,Central,3
C02050,South,7
C02051,West,3
C02052,North,5
C02053,East,7
C02054,North,2
C02055,West,3
C02056,West,4
C02057,East,5
C02058,West,9
C02059,North,9
C02060,South,4
C02061,North,9
C02062,West,4
C02063,East,2
C02064,East,10
C02065,Central,1
C02066,East,7
C02067,East,4
C02068,West,8
C02069,South,8
C02070,South,8
C02071,West,6
C02072,East,9
C02073,North,4
C02074,South,5
C02075,West,4
C02076,North,5
C02077,East,2
C02078,West,5
C02079,South,10
C02080,North,8
C02081,North,9
C02082,South,7
C02083,North,7
C02084,South,6
C02085,West,2
C02086,Central,10
C02087,East,10
C02088,West,9
C02089,East,5
C02090,East,6
C02091,South,1
C02092,Central,5
C02093,East,6
C02094,East,10
C02095,West,2
C02096,Central,7
C02097,Central,4
C02098,East,5
C02099,Central,3
C02100,West,5
C02101,South,4
C02102,East,10
C02103,North,6
C02104,East,2
C02105,East,3
C02106,South,10
C02107,North,1
C02108,North,7
C02109,North,9
C02110,South,2
C02111,Central,7
C02112,North,3
C02113,Central,5
C02114,West,6
C02115,South,8
C02116,Central,4
C02117,North,2
C02118,North,3
C02119,Central,8
C02120,Central,7
C02121,West,6
C02122,South,5
C02123,East,5
C02124,West,1
C02125,West,6
C02126,West,9
C02127,North,8
C02128,Central,10
C02129,South,1
C02130,North,6
C02131,West,3
C02132,South,6
C02133,North,9
C02134,East,6
C02135,West,8
C02136,North,6
C02137,North,6
C02138,West,7
C02139,East,10
C02140,Central,4
C02141,East,8
C02142,West,4
C02143,Central,7
C02144,North,1
C02145,East,9
C02146,East,10
C02147,Central,9
C02148,North,7
C02149,East,8
C02150,Central,2
C02151,East,10
C02152,North,10
C02153,North,7
C02154,South,1
C02155,Central,3
C02156,West,6
C02157,East,5
C02158,North,5
C02159,East,9
C02160,East,6
C02161,West,3
C02162,North,2
C02163,South,9
C02164,Central,10
C02165,East,4
C02166,West,5
C02167,West,9
C02168,Central,5
C02169,Central,7
C02170,North,2
C02171,East,2
C02172,East,4
C02173,Central,8
C02174,South,2
C02175,East,10
C02176,West,7
C02177,Central,1
C02178,East,9
C02179,North,10
C02180,Central,6
C02181,West,1
C02182,North,10
C02183,Central,6
C02184,Central,5
C02185,East,5
C02186,North,5
C02187,Central,4
C02188,West,7
C02189,North,9
C02190,East,4
C02191,South,2
C02192,Central,2
C02193,South,2
C02194,Central,7
C02195,East,4
C02196,East,4
C02197,East,1
C02198,East,4
C02199,North,6
C02200,North,2
C02201,Central,4
C02202,North,7
C02203,Central,9
C02204,North,2
C02205,North,8
C02206,North,6
C02207,West,8
C02208,East,2
C02209,West,1
C02210,North,7
C02211,North,9
C02212,West,9
C02213,Central,2
C02214,East,4
C02215,Central,1
C02216,East,7
C02217,South,2
C02218,East,4
C02219,Central,2
C02220,East,1
C02221,South,7
C02222,South,6
C02223,North,2
C02224,South,4
C02225,West,3
C02226,Central,3
C02227,West,3
C02228,West,4
C02229,Central,1
C02230,West,1
C02231,West,7
C02232,West,5
C02233,South,3
C02234,Central,9
C02235,Central,5
C02236,Central,10
C02237,West,3
C02238,South,9
C02239,Central,1
C02240,East,9
C02241,Central,5
C02242,North,6
C02243,East,2
C02244,Central,8
C02245,West,3
C02246,Central,1
C02247,South,7
C02248,South,3
C02249,Central,4
C02250,West,5
C02251,West,1
C02252,West,9
C02253,Central,7
C02254,Central,2
C02255,North,1
C02256,South,2
C02257,East,3
C02258,East,3
C02259,South,8
C02260,North,5
C02261,South,9
C02262,North,3
C02263,North,6
C02264,West,4
C02265,South,8
C02266,East,1
C02267,Central,4
C02268,Central,7
C02269,South,9
C02270,Central,1
C02271,North,8
C02272,Central,2
C02273,North,4
C02274,North,4
C02275,East,8
C02276,Central,2
C02277,East,7
C02278,Central,3
C02279,North,9
C02280,Central,5
C02281,East,8
C02282,West,5
C02283,East,1
C02284,West,9
C02285,South,10
C02286,East,7
C02287,Central,4
C02288,West,7
C02289,Central,5
C02290,West,10
C02291,East,9
C02292,East,2
C02293,Central,4
C02294,East,6
C02295,Central,5
C02296,North,1
C02297,West,9
C02298,Central,9
C02299,West,3
C02300,North,4
C02301,West,4
C02302,Central,10
C02303,East,8
C02304,West,6
C02305,West,2
C02306,North,4
C02307,South,1
C02308,East,3
C02309,Central,4
C02310,North,8
C02311,Central,3
C02312,Central,5
C02313,West,1
C02314,North,4
C02315,North,2
C02316,East,4
C02317,South,5
C02318,Central,3
C02319,East,6
C02320,East,2
C02321,Central,5
C02322,West,4
C02323,West,5
C02324,Central,9
C02325,North,6
C02326,South,7
C02327,West,8
C02328,South,9
C02329,East,5
C02330,East,8
C02331,Central,2
C02332,Central,10
C02333,Central,9
C02334,West,2
C02335,South,5
C02336,East,6
C02337,South,4
C02338,West,8
C02339,South,10
C02340,South,3
C02341,Central,5
C02342,South,2
C02343,South,3
C02344,South,8
C02345,North,5
C02346,East,3
C02347,East,5
C02348,South,9
C02349,Central,3
C02350,Central,10
C02351,Central,7
C02352,East,8
C02353,West,5
C02354,South,3
C02355,East,6
C02356,Central,3
C02357,East,9
C02358,East,2
C02359,East,3
C02360,Central,7
C02361,West,10
C02362,North,8
C02363,South,5
C02364,South,5
C02365,East,5
C02366,West,4
C02367,Central,9
C02368,North,6
C02369,North,8
C02370,East,8
C02371,East,5
C02372,Central,9
C02373,Central,2
C02374,Central,8
C02375,East,3
C02376,West,7
C02377,East,9
C02378,East,5
C02379,North,8
C02380,Central,4
C02381,South,1
C02382,Central,1
C02383,West,6
C02384,West,8
C02385,Central,10
C02386,Central,2
C02387,East,4
C02388,South,3
C02389,East,9
C02390,North,3
C02391,North,8
C02392,West,7
C02393,West,1
C02394,South,8
C02395,West,9
C02396,North,8
C02397,South,10
C02398,North,10
C02399,Central,1
C02400,Central,7
C02401,South,9
C02402,East,5
C02403,West,2
C02404,South,8
C02405,West,9
C02406,North,7
C02407,East,5
C02408,West,8
C02409,Central,6
C02410,Central,4
C02411,North,1
C02412,South,6
C02413,West,8
C02414,North,3
C02415,Central,7
C02416,Central,7
C02417,Central,9
C02418,East,1
C02419,East,5
C02420,Central,8
C02421,South,3
C02422,East,5
C02423,West,1
C02424,East,9
C02425,West,4
C02426,East,5
C02427,Central,3
C02428,West,2
C02429,South,7
C02430,East,5
C02431,East,10
C02432,Central,3
C02433,West,2
C02434,Central,10
C02435,West,6
C02436,East,10
C02437,East,6
C02438,East,3
C02439,East,9
C02440,North,1
C02441,East,3
C02442,East,1
C02443,West,7
C02444,East,2
C02445,East,4
C02446,West,4
C02447,East,8
C02448,East,4
C02449,Central,3
C02450,North,10
C02451,West,3
C02452,Central,5
C02453,South,6
C02454,South,7
C02455,North,5
C02456,South,7
C02457,North,4
C02458,South,5
C02459,South,6
C02460,Central,9
C02461,South,6
C02462,North,10
C02463,East,1
C02464,East,7
C02465,East,3
C02466,North,6
C02467,North,2
C02468,East,7
C02469,South,1
C02470,East,2
C02471,West,9
C02472,North,9
C02473,West,7
C02474,West,2
C02475,North,5
C02476,East,4
C02477,Central,2
C02478,West,2
C02479,East,10
C02480,Central,8
C02481,West,5
C02482,East,8
C02483,West,2
C02484,East,2
C02485,South,3
C02486,South,10
C02487,North,8
C02488,Central,8
C02489,West,3
C02490,West,1
C02491,East,7
C02492,Central,4
C02493,West,3
C02494,Central,5
C02495,Central,6
C02496,South,1
C02497,West,9
C02498,West,6
C02499,North,3
C02500,Central,1
C02501,East,9
C02502,South,2
C02503,North,10
C02504,South,6
C02505,East,6
C02506,North,3
C02507,South,6
C02508,East,2
C02509,North,8
C02510,East,1
C02511,North,6
C02512,West,1
C02513,West,9
C02514,South,9
C02515,Central,6
C02516,Central,6
C02517,East,9
C02518,North,5
C02519,West,9
C02520,Central,5
C02521,West,4
C02522,East,2
C02523,East,2
C02524,North,1
C02525,Central,10
C02526,East,3
C02527,East,1
C02528,West,6
C02529,South,7
C02530,Central,9
C02531,North,7
C02532,North,4
C02533,West,4
C02534,North,8
C02535,East,4
C02536,Central,1
C02537,North,9
C02538,Central,3
C02539,North,1
C02540,South,9
C02541,South,10
C02542,Central,10
C02543,South,5
C02544,South,9
C02545,East,3
C02546,North,6
C02547,South,7
C02548,Central,5
C02549,East,8
C02550,South,10
C02551,Central,6
C02552,North,6
C02553,South,7
C02554,Central,8
C02555,Central,2
C02556,West,7
C02557,Central,9
C02558,West,1
C02559,North,1
C02560,North,7
C02561,East,5
C02562,West,1
C02563,Central,1
C02564,East,2
C02565,East,10
C02566,North,9
C02567,Central,3
C02568,West,9
C02569,North,6
C02570,East,10
C02571,South,6
C02572,East,7
C02573,South,10
C02574,North,8
C02575,West,3
C02576,Central,8
C02577,South,6
C02578,Central,6
C02579,North,3
C02580,North,6
C02581,North,8
C02582,West,7
C02583,South,10
C02584,Central,10
C02585,East,7
C02586,North,3
C02587,Central,10
C02588,Central,3
C02589,West,5
C02590,South,5
C02591,West,9
C02592,West,9
C02593,Central,10
C02594,South,5
C02595,South,5
C02596,South,6
C02597,North,8
C02598,South,6
C02599,Central,6
C02600,North,9
C02601,East,1
C02602,West,4
C02603,South,10
C02604,East,10
C02605,South,2
C02606,West,9
C02607,Central,3
C02608,Central,10
C02609,West,2
C02610,East,8
C02611,North,4
C02612,North,2
C02613,South,4
C02614,West,7
C02615,West,7
C02616,North,1
C02617,East,1
C02618,West,3
C02619,Central,2
C02620,Central,3
C02621,West,4
C02622,East,7
C02623,Central,2
C02624,East,7
C02625,North,5
C02626,South,8
C02627,North,8
C02628,South,5
C02629,Central,10
C02630,South,8
C02631,South,9
C02632,West,7
C02633,South,6
C02634,West,7
C02635,South,7
C02636,West,3
C02637,Central,6
C02638,Central,6
C02639,South,9
C02640,East,1
C02641,Central,7
C02642,North,1
C02643,North,10
C02644,West,4
C02645,East,7
C02646,West,6
C02647,South,6
C02648,Central,5
C02649,East,7
C02650,West,9
C02651,West,6
C02652,North,10
C02653,South,7
C02654,West,9
C02655,North,7
C02656,East,6
C02657,West,3
C02658,North,1
C02659,South,10
C02660,Central,9
C02661,East,7
C02662,West,3
C02663,North,10
C02664,West,9
C02665,Central,3
C02666,West,3
C02667,West,7
C02668,North,2
C02669,Central,10
C02670,East,7
C02671,North,7
C02672,Central,1
C02673,Central,10
C02674,West,2
C02675,South,5
C02676,South,4
C02677,East,3
C02678,West,10
C02679,South,8
C02680,North,7
C02681,East,9
C02682,West,3
C02683,North,10
C02684,South,1
C02685,South,9
C02686,South,9
C02687,South,1
C02688,Central,8
C02689,East,10
C02690,East,1
C02691,South,6
C02692,East,9
C02693,North,3
C02694,North,6
C02695,East,3
C02696,South,5
C02697,West,7
C02698,South,10
C02699,Central,4
C02700,West,4
C02701,Central,7
C02702,East,5
C02703,Central,1
C02704,East,10
C02705,Central,2
C02706,West,6
C02707,Central,9
C02708,South,7
C02709,East,4
C02710,North,2
C02711,Central,4
C02712,East,5
C02713,North,2
C02714,East,1
C02715,East,4
C02716,North,6
C02717,North,1
C02718,West,1
C02719,Central,9
C02720,Central,5
C02721,East,2
C02722,South,2
C02723,South,4
C02724,East,2
C02725,West,4
C02726,North,6
C02727,East,7
C02728,Central,6
C02729,South,4
C02730,South,10
C02731,South,3
C02732,West,4
C02733,Central,5
C02734,West,4
C02735,North,3
C02736,East,1
C02737,East,3
C02738,South,5
C02739,South,6
C02740,North,4
C02741,West,1
C02742,Central,10
C02743,North,7
C02744,East,9
C02745,East,6
C02746,West,6
C02747,North,9
C02748,Central,4
C02749,North,5
C02750,North,5
C02751,West,5
C02752,Central,8
C02753,East,1
C02754,South,10
C02755,Central,10
C02756,East,3
C02757,West,8
C02758,Central,9
C02759,Central,2
C02760,East,4
C02761,East,8
C02762,North,5
C02763,North,1
C02764,Central,6
C02765,South,9
C02766,West,9
C02767,East,1
C02768,North,4
C02769,West,1
C02770,Central,7
C02771,East,3
C02772,East,2
C02773,North,8
C02774,South,9
C02775,East,7
C02776,South,6
C02777,West,10
C02778,East,6
C02779,East,9
C02780,South,5
C02781,North,5
C02782,Central,2
C02783,West,6
C02784,East,6
C02785,North,6
C02786,East,4
C02787,West,7
C02788,Central,9
C02789,East,1
C02790,South,3
C02791,North,10
C02792,Central,9
C02793,East,5
C02794,Central,6
C02795,South,8
C02796,East,9
C02797,Central,8
C02798,East,3
C02799,East,10
C02800,Central,1
C02801,East,5
C02802,South,7
C02803,Central,2
C02804,Central,1
C02805,South,4
C02806,South,3
C02807,South,4
C02808,East,1
C02809,East,2
C02810,West,1
C02811,East,3
C02812,South,4
C02813,West,1
C02814,South,6
C02815,North,2
C02816,Central,10
C02817,North,5
C02818,South,8
C02819,East,4
C02820,Central,5
C02821,East,9
C02822,East,2
C02823,Central,2
C02824,Central,6
C02825,North,6
C02826,South,3
C02827,East,9
C02828,South,1
C02829,South,3
C02830,West,8
C02831,North,8
C02832,East,4
C02833,Central,8
C02834,Central,10
C02835,South,8
C02836,North,1
C02837,North,3
C02838,East,1
C02839,East,2
C02840,South,4
C02841,South,3
C02842,South,6
C02843,West,5
C02844,North,5
C02845,South,10
C02846,North,7
C02847,Central,7
C02848,Central,9
C02849,North,8
C02850,Central,3
C02851,Central,2
C02852,Central,1
C02853,East,10
C02854,East,6
C02855,North,4
C02856,North,3
C02857,West,2
C02858,East,2
C02859,North,4
C02860,East,1
C02861,West,6
C02862,North,10
C02863,North,5
C02864,North,10
C02865,North,9
C02866,South,2
C02867,East,9
C02868,East,9
C02869,East,10
C02870,West,9
C02871,South,10
C02872,East,10
C02873,East,4
C02874,North,5
C02875,North,8
C02876,North,8
C02877,East,1
C02878,North,10
C02879,East,1
C02880,West,10
C02881,West,6
C02882,Central,7
C02883,South,2
C02884,North,2
C02885,North,5
C02886,South,9
C02887,South,5
C02888,Central,8
C02889,South,8
C02890,East,5
C02891,North,8
C02892,South,8
C02893,East,5
C02894,South,5
C02895,East,4
C02896,West,1
C02897,East,9
C02898,Central,2
C02899,East,1
C02900,South,6
C02901,West,5
C02902,West,1
C02903,East,7
C02904,South,7
C02905,West,3
C02906,East,8
C02907,East,6
C02908,East,4
C02909,West,10
C02910,North,10
C02911,South,10
C02912,Central,3
C02913,Central,1
C02914,South,2
C02915,North,2
C02916,South,5
C02917,East,4
C02918,South,2
C02919,South,9
C02920,West,7
C02921,Central,8
C02922,Central,8
C02923,East,2
C02924,East,5
C02925,West,3
C02926,East,10
C02927,North,9
C02928,West,9
C02929,West,6
C02930,South,4
C02931,South,8
C02932,North,5
C02933,West,3
C02934,West,8
C02935,South,6
C02936,Central,5
C02937,Central,1
C02938,South,3
C02939,East,7
C02940,West,3
C02941,North,1
C02942,Central,8
C02943,East,7
C02944,West,5
C02945,East,10
C02946,West,5
C02947,West,6
C02948,South,7
C02949,South,3
C02950,North,4
C02951,North,1
C02952,East,7
C02953,South,10
C02954,West,2
C02955,South,7
C02956,West,6
C02957,South,4
C02958,West,2
C02959,East,7
C02960,South,7
C02961,Central,5
C02962,Central,9
C02963,West,3
C02964,East,9
C02965,West,5
C02966,East,2
C02967,North,9
C02968,South,1
C02969,East,1
C02970,West,7
C02971,North,3
C02972,West,8
C02973,Central,7
C02974,Central,7
C02975,South,1
C02976,South,1
C02977,North,2
C02978,Central,2
C02979,East,5
C02980,Central,9
C02981,South,7
C02982,West,2
C02983,North,5
C02984,Central,5
C02985,East,8
C02986,East,9
C02987,East,8
C02988,North,2
C02989,East,4
C02990,East,2
C02991,Central,6
C02992,North,4
C02993,West,7
C02994,West,2
C02995,East,9
C02996,South,5
C02997,North,1
C02998,South,3
C02999,North,4
C03000,North,3
C03001,Central,6
C03002,East,6
C03003,Central,10
C03004,South,7
C03005,South,9
C03006,West,10
C03007,Central,9
C03008,Central,7
C03009,Central,1
C03010,West,3
C03011,Central,5
C03012,Central,10
C03013,Central,6
C03014,Central,6
C03015,South,5
C03016,East,6
C03017,South,9
C03018,Central,1
C03019,North,1
C03020,North,9
C03021,West,8
C03022,South,9
C03023,West,7
C03024,West,10
C03025,North,6
C03026,South,9
C03027,East,2
C03028,South,4
C03029,West,2
C03030,Central,6
C03031,West,1
C03032,South,7
C03033,North,7
C03034,South,7
C03035,East,4
C03036,Central,8
C03037,Central,5
C03038,West,2
C03039,South,5
C03040,North,10
C03041,East,9
C03042,West,10
C03043,South,1
C03044,North,2
C03045,South,10
C03046,North,8
C03047,South,5
C03048,South,9
C03049,West,6
C03050,South,8
C03051,South,1
C03052,West,9
C03053,West,9
C03054,Central,3
C03055,Central,1
C03056,West,8
C03057,East,8
C03058,North,9
C03059,West,6
C03060,Central,9
C03061,South,10
C03062,West,9
C03063,West,4
C03064,Central,5
C03065,Central,6
C03066,East,6
C03067,Central,10
C03068,Central,2
C03069,Central,4
C03070,South,9
C03071,West,7
C03072,West,9
C03073,Central,6
C03074,East,7
C03075,Central,9
C03076,East,4
C03077,West,9
C03078,East,3
C03079,East,8
C03080,North,3
C03081,East,3
C03082,East,3
C03083,South,9
C03084,West,10
C03085,Central,3
C03086,North,6
C03087,East,4
C03088,South,2
C03089,South,3
C03090,Central,5
C03091,Central,10
C03092,West,4
C03093,East,5
C03094,South,1
C03095,North,4
C03096,West,10
C03097,East,3
C03098,Central,2
C03099,East,7
C03100,Central,10
C03101,East,9
C03102,North,1
C03103,West,7
C03104,Central,1
C03105,North,5
C03106,South,1
C03107,North,3
C03108,North,8
C03109,North,4
C03110,Central,1
C03111,South,1
C03112,West,8
C03113,North,8
C03114,Central,4
C03115,Central,4
C03116,West,10
C03117,East,2
C03118,South,2
C03119,South,6
C03120,North,8
C03121,East,7
C03122,South,7
C03123,North,3
C03124,East,2
C03125,Central,10
C03126,North,7
C03127,East,4
C03128,West,1
C03129,South,1
C03130,North,4
C03131,Central,5
C03132,North,5
C03133,South,1
C03134,South,3
C03135,East,6
C03136,Central,10
C03137,East,7
C03138,Central,1
C03139,North,8
C03140,North,4
C03141,East,9
C03142,West,6
C03143,South,1
C03144,East,2
C03145,East,3
C03146,North,2
C03147,South,10
C03148,East,7
C03149,North,1
C03150,North,9
C03151,East,2
C03152,East,4
C03153,North,8
C03154,East,3
C03155,South,9
C03156,North,7
C03157,North,10
C03158,East,3
C03159,East,3
C03160,East,5
C03161,South,5
C03162,North,10
C03163,West,5
C03164,South,9
C03165,South,9
C03166,North,6
C03167,West,7
C03168,North,10
C03169,South,8
C03170,East,9
C03171,North,6
C03172,North,8
C03173,East,2
C03174,West,10
C03175,West,8
C03176,North,2
C03177,East,8
C03178,North,2
C03179,East,3
C03180,South,7
C03181,East,9
C03182,North,3
C03183,Central,5
C03184,West,9
C03185,North,7
C03186,East,2
C03187,East,5
C03188,West,5
C03189,North,9
C03190,Central,2
C03191,South,1
C03192,Central,4
C03193,South,4
C03194,South,1
C03195,North,10
C03196,South,7
C03197,East,2
C03198,South,9
C03199,South,7
C03200,West,7
C03201,West,1
C03202,North,9
C03203,North,10
C03204,East,9
C03205,West,2
C03206,Central,10
C03207,North,9
C03208,North,2
C03209,West,2
C03210,West,8
C03211,East,3
C03212,West,3
C03213,South,7
C03214,Central,10
C03215,South,6
C03216,South,7
C03217,South,6
C03218,North,9
C03219,South,2
C03220,North,8
C03221,West,6
C03222,Central,4
C03223,Central,6
C03224,South,6
C03225,Central,10
C03226,North,3
C03227,West,8
C03228,South,5
C03229,East,10
C03230,Central,4
C03231,Central,2
C03232,South,10
C03233,Central,1
C03234,Central,7
C03235,East,10
C03236,North,3
C03237,South,3
C03238,South,3
C03239,East,10
C03240,East,3
C03241,North,2
C03242,West,6
C03243,South,10
C03244,Central,3
C03245,North,1
C03246,South,10
C03247,North,9
C03248,West,6
C03249,South,6
C03250,Central,10
C03251,South,9
C03252,North,2
C03253,West,10
C03254,North,9
C03255,North,3
C03256,East,3
C03257,North,3
C03258,West,1
C03259,Central,10
C03260,East,7
C03261,North,10
C03262,South,7
C03263,East,2
C03264,West,6
C03265,South,4
C03266,West,7
C03267,South,7
C03268,Central,4
C03269,West,3
C03270,South,7
C03271,West,9
C03272,East,4
C03273,West,6
C03274,West,7
C03275,South,10
C03276,West,3
C03277,Central,5
C03278,North,1
C03279,East,6
C03280,South,5
C03281,West,7
C03282,West,9
C03283,West,4
C03284,East,9
C03285,North,6
C03286,Central,5
C03287,Central,2
C03288,South,1
C03289,North,8
C03290,North,6
C03291,East,7
C03292,West,6
C03293,North,10
C03294,West,7
C03295,East,9
C03296,South,5
C03297,South,1
C03298,West,1
C03299,West,9
C03300,North,5
C03301,East,2
C03302,South,3
C03303,North,1
C03304,Central,6
C03305,North,6
C03306,West,3
C03307,Central,3
C03308,North,7
C03309,East,1
C03310,South,5
C03311,Central,3
C03312,East,5
C03313,North,4
C03314,West,6
C03315,West,9
C03316,East,2
C03317,West,10
C03318,South,8
C03319,East,2
C03320,East,4
C03321,West,9
C03322,East,4
C03323,North,7
C03324,Central,5
C03325,Central,2
C03326,West,8
C03327,South,10
C03328,South,10
C03329,West,2
C03330,West,3
C03331,East,10
C03332,South,7
C03333,Central,5
C03334,West,10
C03335,Central,3
C03336,Central,2
C03337,South,6
C03338,Central,10
C03339,East,1
C03340,East,8
C03341,South,5
C03342,East,5
C03343,West,2
C03344,South,7
C03345,Central,5
C03346,West,8
C03347,South,5
C03348,Central,9
C03349,Central,5
C03350,Central,3
C03351,Central,2
C03352,Central,5
C03353,South,10
C03354,East,10
C03355,Central,5
C03356,West,6
C03357,South,2
C03358,North,5
C03359,East,1
C03360,West,3
C03361,Central,3
C03362,South,3
C03363,South,3
C03364,Central,8
C03365,West,1
C03366,South,6
C03367,East,6
C03368,West,1
C03369,Central,1
C03370,West,3
C03371,West,8
C03372,North,6
C03373,Central,4
C03374,East,5
C03375,Central,10
C03376,North,3
C03377,Central,6
C03378,Central,6
C03379,East,6
C03380,North,9
C03381,Central,10
C03382,Central,8
C03383,South,6
C03384,Central,2
C03385,East,4
C03386,South,6
C03387,North,9
C03388,West,2
C03389,East,6
C03390,North,10
C03391,South,10
C03392,West,10
C03393,North,7
C03394,East,8
C03395,South,9
C03396,East,5
C03397,East,9
C03398,South,9
C03399,Central,7
C03400,East,2
C03401,South,8
C03402,East,5
C03403,Central,8
C03404,South,2
C03405,North,7
C03406,North,5
C03407,North,4
C03408,West,10
C03409,East,6
C03410,East,5
C03411,South,6
C03412,West,9
C03413,East,1
C03414,South,1
C03415,Central,6
C03416,East,2
C03417,East,8
C03418,Central,7
C03419,Central,6
C03420,East,4
C03421,Central,9
C03422,South,7
C03423,East,7
C03424,East,5
C03425,North,1
C03426,East,2
C03427,North,8
C03428,Central,5
C03429,Central,2
C03430,South,5
C03431,North,8
C03432,East,4
C03433,North,3
C03434,Central,5
C03435,Central,7
C03436,South,2
C03437,Central,1
C03438,North,5
C03439,East,7
C03440,East,8
C03441,North,8
C03442,South,10
C03443,East,9
C03444,North,1
C03445,North,7
C03446,Central,10
C03447,Central,8
C03448,South,6
C03449,South,10
C03450,South,4
C03451,North,7
C03452,North,3
C03453,Central,2
C03454,East,6
C03455,South,2
C03456,West,6
C03457,South,10
C03458,Central,3
C03459,North,2
C03460,Central,8
C03461,Central,4
C03462,Central,4
C03463,West,7
C03464,West,8
C03465,South,9
C03466,North,10
C03467,Central,8
C03468,East,4
C03469,South,2
C03470,South,10
C03471,Central,5
C03472,South,7
C03473,Central,2
C03474,South,4
C03475,North,6
C03476,South,8
C03477,South,10
C03478,East,6
C03479,North,6
C03480,North,6
C03481,North,4
C03482,South,3
C03483,West,1
C03484,South,2
C03485,Central,2
C03486,East,10
C03487,North,7
C03488,Central,6
C03489,Central,8
C03490,West,9
C03491,North,5
C03492,South,3
C03493,North,4
C03494,East,8
C03495,North,3
C03496,Central,2
C03497,Central,7
C03498,South,4
C03499,South,8
C03500,South,1
C03501,East,8
C03502,North,5
C03503,West,2
C03504,North,1
C03505,South,6
C03506,East,9
C03507,North,9
C03508,Central,9
C03509,North,4
C03510,Central,6
C03511,North,10
C03512,North,6
C03513,North,5
C03514,South,2
C03515,Central,7
C03516,East,1
C03517,West,6
C03518,Central,5
C03519,South,5
C03520,Central,8
C03521,East,9
C03522,Central,7
C03523,South,10
C03524,South,8
C03525,West,2
C03526,East,2
C03527,West,8
C03528,North,6
C03529,South,8
C03530,West,9
C03531,South,9
C03532,South,6
C03533,North,8
C03534,South,2
C03535,West,8
C03536,East,3
C03537,Central,1
C03538,West,7
C03539,North,1
C03540,Central,1
C03541,South,1
C03542,West,4
C03543,Central,4
C03544,West,10
C03545,South,6
C03546,West,10
C03547,North,3
C03548,Central,10
C03549,Central,6
C03550,Central,7
C03551,West,1
C03552,South,6
C03553,West,10
C03554,West,1
C03555,Central,7
C03556,South,10
C03557,East,5
C03558,South,10
C03559,West,4
C03560,North,1
C03561,South,9
C03562,Central,7
C03563,North,2
C03564,East,4
C03565,East,4
C03566,North,8
C03567,East,2
C03568,North,5
C03569,West,10
C03570,North,8
C03571,West,6
C03572,Central,4
C03573,Central,5
C03574,East,2
C03575,North,5
C03576,West,3
C03577,Central,3
C03578,Central,7
C03579,Central,3
C03580,East,4
C03581,Central,7
C03582,South,3
C03583,East,10
C03584,North,10
C03585,South,2
C03586,East,10
C03587,East,7
C03588,West,5
C03589,South,1
C03590,South,10
C03591,South,8
C03592,Central,3
C03593,Central,7
C03594,North,6
C03595,North,10
C03596,North,6
C03597,Central,8
C03598,West,4
C03599,North,4
C03600,East,3
C03601,Central,1
C03602,West,10
C03603,East,3
C03604,East,1
C03605,Central,6
C03606,South,8
C03607,West,3
C03608,Central,4
C03609,South,5
C03610,Central,7
C03611,Central,6
C03612,East,2
C03613,Central,7
C03614,South,8
C03615,East,1
C03616,South,6
C03617,South,9
C03618,East,7
C03619,South,5
C03620,North,10
C03621,Central,10
C03622,East,9
C03623,East,2
C03624,North,7
C03625,North,9
C03626,North,2
C03627,North,10
C03628,West,6
C03629,East,9
C03630,South,3
C03631,East,8
C03632,East,5
C03633,East,7
C03634,North,3
C03635,North,8
C03636,West,2
C03637,East,8
C03638,Central,2
C03639,West,7
C03640,North,2
C03641,East,7
C03642,North,1
C03643,South,6
C03644,North,10
C03645,North,7
C03646,West,4
C03647,South,1
C03648,Central,6
C03649,Central,4
C03650,Central,3
C03651,East,4
C03652,Central,6
C03653,East,5
C03654,North,2
C03655,Central,2
C03656,West,3
C03657,South,6
C03658,South,1
C03659,North,7
C03660,South,8
C03661,South,7
C03662,North,3
C03663,North,6
C03664,North,4
C03665,West,5
C03666,North,3
C03667,North,5
C03668,North,6
C03669,Central,8
C03670,Central,6
C03671,West,9
C03672,West,10
C03673,South,10
C03674,Central,10
C03675,West,10
C03676,West,4
C03677,South,2
C03678,North,9
C03679,East,3
C03680,South,7
C03681,East,4
C03682,South,1
C03683,South,8
C03684,North,4
C03685,West,6
C03686,Central,7
C03687,South,8
C03688,North,10
C03689,East,2
C03690,West,9
C03691,South,10
C03692,East,3
C03693,South,1
C03694,Central,2
C03695,Central,8
C03696,West,10
C03697,East,6
C03698,Central,1
C03699,North,9
C03700,West,7
C03701,South,10
C03702,East,3
C03703,East,7
C03704,North,6
C03705,Central,3
C03706,East,8
C03707,North,1
C03708,North,5
C03709,South,8
C03710,North,3
C03711,West,10
C03712,East,6
C03713,West,10
C03714,North,2
C03715,North,9
C03716,West,2
C03717,South,5
C03718,North,3
C03719,West,10
C03720,West,9
C03721,East,9
C03722,South,7
C03723,Central,10
C03724,West,5
C03725,East,9
C03726,Central,7
C03727,East,2
C03728,East,10
C03729,South,1
C03730,North,10
C03731,South,10
C03732,Central,4
C03733,South,10
C03734,North,8
C03735,South,6
C03736,South,2
C03737,South,5
C03738,West,9
C03739,West,6
C03740,South,6
C03741,North,7
C03742,North,5
C03743,North,3
C03744,North,3
C03745,East,5
C03746,South,4
C03747,South,5
C03748,East,9
C03749,North,5
C03750,Central,4
C03751,Central,4
C03752,East,1
C03753,Central,10
C03754,West,4
C03755,South,4
C03756,Central,9
C03757,West,4
C03758,South,7
C03759,West,1
C03760,South,7
C03761,South,2
C03762,Central,8
C03763,East,1
C03764,Central,10
C03765,North,3
C03766,West,8
C03767,North,10
C03768,South,8
C03769,Central,5
C03770,North,5
C03771,North,8
C03772,North,10
C03773,South,5
C03774,South,9
C03775,South,1
C03776,North,5
C03777,West,3
C03778,Central,3
C03779,Central,2
C03780,South,3
C03781,North,7
C03782,West,8
C03783,East,8
C03784,South,8
C03785,East,1
C03786,Central,7
C03787,Central,2
C03788,West,10
C03789,West,4
C03790,East,5
C03791,Central,1
C03792,West,4
C03793,West,4
C03794,Central,9
C03795,Central,9
C03796,North,10
C03797,West,1
C03798,East,8
C03799,South,4
C03800,South,4
C03801,Central,5
C03802,East,2
C03803,North,1
C03804,West,5
C03805,North,7
C03806,East,10
C03807,North,9
C03808,Central,2
C03809,South,8
C03810,Central,7
C03811,West,2
C03812,Central,5
C03813,East,7
C03814,East,3
C03815,West,2
C03816,West,6
C03817,South,10
C03818,North,6
C03819,South,4
C03820,Central,1
C03821,North,5
C03822,West,1
C03823,East,8
C03824,Central,2
C03825,South,9
C03826,West,9
C03827,North,3
C03828,North,6
C03829,East,9
C03830,West,7
C03831,West,4
C03832,Central,3
C03833,Central,2
C03834,North,10
C03835,South,10
C03836,North,1
C03837,Central,10
C03838,Central,1
C03839,Central,4
C03840,North,4
C03841,West,9
C03842,South,10
C03843,South,1
C03844,Central,4
C03845,East,3
C03846,North,9
C03847,West,5
C03848,Central,9
C03849,East,10
C03850,Central,6
C03851,East,9
C03852,South,1
C03853,East,4
C03854,South,4
C03855,South,10
C03856,North,10
C03857,East,6
C03858,West,10
C03859,West,1
C03860,East,10
C03861,North,5
C03862,West,3
C03863,Central,1
C03864,West,6
C03865,North,3
C03866,South,4
C03867,South,9
C03868,South,2
C03869,North,1
C03870,South,10
C03871,South,6
C03872,North,1
C03873,Central,1
C03874,West,7
C03875,North,2
C03876,North,4
C03877,East,4
C03878,South,2
C03879,Central,6
C03880,East,10
C03881,Central,2
C03882,South,8
C03883,South,4
C03884,South,1
C03885,West,7
C03886,Central,6
C03887,Central,6
C03888,East,3
C03889,North,10
C03890,South,7
C03891,South,6
C03892,East,10
C03893,Central,10
C03894,West,9
C03895,Central,3
C03896,West,3
C03897,West,4
C03898,Central,3
C03899,South,4
C03900,West,6
C03901,East,1
C03902,East,2
C03903,West,10
C03904,South,6
C03905,West,6
C03906,East,1
C03907,East,6
C03908,Central,9
C03909,South,8
C03910,Central,10
C03911,North,5
C03912,West,4
C03913,Central,6
C03914,South,5
C03915,West,6
C03916,West,10
C03917,West,3
C03918,West,7
C03919,West,8
C03920,South,5
C03921,North,5
C03922,East,4
C03923,North,10
C03924,East,5
C03925,Central,10
C03926,West,8
C03927,Central,5
C03928,Central,9
C03929,East,1
C03930,South,7
C03931,West,5
C03932,Central,4
C03933,North,3
C03934,West,10
C03935,South,7
C03936,West,2
C03937,Central,5
C03938,North,2
C03939,Central,7
C03940,South,6
C03941,East,10
C03942,North,7
C03943,South,9
C03944,South,2
C03945,Central,9
C03946,Central,7
C03947,Central,2
C03948,East,10
C03949,West,2
C03950,West,4
C03951,Central,2
C03952,Central,1
C03953,East,6
C03954,West,10
C03955,East,5
C03956,South,3
C03957,West,1
C03958,Central,9
C03959,North,8
C03960,South,6
C03961,North,6
C03962,East,4
C03963,East,2
C03964,East,4
C03965,Central,2
C03966,East,7
C03967,North,9
C03968,South,2
C03969,Central,9
C03970,South,9
C03971,East,8
C03972,West,1
C03973,Central,5
C03974,East,10
C03975,Central,4
C03976,West,7
C03977,North,8
C03978,North,10
C03979,North,8
C03980,West,2
C03981,South,3
C03982,West,10
C03983,West,10
C03984,East,7
C03985,North,4
C03986,Central,6
C03987,South,8
C03988,Central,8
C03989,East,7
C03990,East,2
C03991,South,2
C03992,Central,3
C03993,South,4
C03994,South,1
C03995,North,5
C03996,Central,7
C03997,North,10
C03998,North,5
C03999,North,7
C04000,West,5
